"user_id","full_name","registered","username"
1,user1,true,user1
2,user2,true,user2
3,user3,true,user3
4,user4,true,user4
5,user5,true,user5
6,user6,true,user6
7,user7,true,user7
8,user8,true,user8
9,user9,true,user9
10,user10,true,user10
11,user11,true,user11
12,user12,true,user12
13,user13,true,user13
14,user14,true,user14
15,user15,true,user15
16,user16,true,user16
17,user17,true,user17
18,user18,true,user18
19,user19,true,user19
20,user20,true,user20
21,user21,true,user21
22,user22,true,user22
23,user23,true,user23
24,user24,true,user24
25,user25,true,user25
26,user26,true,user26
27,user27,true,user27
28,user28,true,user28
29,user29,true,user29
30,user30,true,user30
31,user31,true,user31
32,user32,true,user32
33,user33,true,user33
34,user34,true,user34
35,user35,true,user35
36,user36,true,user36
37,user37,true,user37
38,user38,true,user38
39,user39,true,user39
